{
  "ammo": "v3th:water",
  "rpm": 1000,
  "bullet": {
    "life": 1,
    "bullet_amount": 20,
    "damage": 20000,
    "tracer_count_interval": 0,
    "extra_damage": {
      "armor_ignore": 1.0,
      "head_shot_multiplier": 5.0,
      "damage_adjust": [
        {"distance": "infinite", "damage": 20000}
      ]
    },
    "speed": 250,
    "gravity": 0.0,
    "knockback": 0,
    "friction": 0.035,
    "ignite": true,
    "pierce": 1
  },
  "ammo_amount": 200,
  "extended_mag_ammo_amount": [
    400,
    600,
    800
  ],
  "bolt": "open_bolt",
  "reload": {
    "type": "magazine",
    "feed": {
      "empty": 2,
      "tactical": 2
    },
    "cooldown": {
      "empty": 2.33,
      "tactical": 2.33
    }
  },
  "draw_time": 0.49,
  "put_away_time": 0.37,
  "aim_time": 0.08,
  "sprint_time": 0.05,
  "weight": 1.2,
  "movement_speed": {
    "base": 0,
    "aim": 0,
    "reload": 0.1
  },
  "crawl_recoil_multiplier": 0.5,
  "fire_mode": [
    "auto",
    "semi"
  ],
  "allow_attachment_types": [
    "extended_mag"
  ],
  "recoil": {
    "pitch": [
      {"time": 0, "value": [2, 3]},
      {"time": 0.05, "value": [1, 2]},
      {"time": 0.1, "value": [0, 1]},
      {"time": 0.15, "value": [0, 0]}
    ],
    "yaw": [
      {"time": 0, "value": [-0.5, -0.5]},
      {"time": 0.15, "value": [0, 0]}
    ]
  },
  "inaccuracy": {
    "stand": 4,
    "move": 4,
    "sneak": 4,
    "lie": 4,
    "aim": 4
  }
}