{
  "model": "v3th:gun/destroyer_3g_geo",
  "texture": "v3th:gun/uv/destroyer_3g",
  "lod": {
    "model": "v3th:gun/lod/destroyer_3g_geo",
    "texture": "v3th:gun/uv/destroyer_3g"
  },
  "hud": "v3th:gun/hud/destroyer_3g",
  "slot": "v3th:gun/slot/destroyer_3g",
  "animation": "v3th:destroyer_3g",
  "show_crosshair": true,
  "use_default_animation": "pistol",
  "player_animator_3rd": "tacz:pistol_default.player_animation",
  "transform": {
    "scale": {
      "thirdperson": [0.6, 0.6, 0.6],
      "ground": [0.6, 0.6, 0.6],
      "fixed": [1.2, 1.2, 1.2]
    }
  },
  "shell": {
    "initial_velocity": [5.0, 3.0, 1],
    "random_velocity": [2.5, 2, 0.25],
    "acceleration": [0.0, -20, 0.0],
    "angular_velocity": [360, -960, 90],
    "living_time": 1.0
  },
  "muzzle_flash": {
    "texture": "tacz:flash/common_muzzle_flash",
    "scale": 1
  },
  "iron_zoom": 1.5,
  "sounds": {
    "reload_tactical": "tacz:p90/p90_draw",
    "reload_empty": "tacz:p90/p90_draw",
    "draw": "tacz:m1911/m1911_draw",
    "put_away": "tacz:m1911/m1911_put_away",
    "shoot": "tacz:aa12/aa12_shoot"
  },
  "offhand_show": {
    "pos": [4, 13, -1],
    "rotate": [-90, -35, 90],
    "scale": [0.5, 0.5, 0.5]
  },
  "hotbar_show": {
    "0": {
      "pos": [-5, 13, -1],
      "rotate": [-90, -35, 90],
      "scale": [0.5, 0.5, 0.5]
    }
  }
}