{
	"format_version": "1.8.0",
	"animations": {
		"static_idle": {
			"loop": "hold_on_last_frame",
			"bones": {
				"lefthand": {
					"rotation": [82.83267, 0.11293, -15.02423],
					"position": [6.5, -12, -10]
				},
				"righthand": {
					"rotation": [90, 0, 0],
					"position": [-6, -11, -6]
				}
			}
		},
		"shoot": {
			"loop": "hold_on_last_frame",
			"animation_length": 0.2167,
			"bones": {
				"root": {
					"rotation": {
						"0.0": [0, 0, 0],
						"0.0167": [0, 0, 2],
						"0.05": [0, 1, -2],
						"0.0833": [0, -1, -1],
						"0.1167": [0, 1, 0],
						"0.15": [0, 0, 0.5],
						"0.1833": [0, -0.5, 0],
						"0.2167": [0, 0, 0]
					},
					"position": {
						"0.0": [0, 0, 0],
						"0.0167": [0, 0, 2],
						"0.05": [0, 0, 0]
					}
				},
				"idle_view": {
					"rotation": {
						"0.0": {
							"post": [0, 0, 0],
							"lerp_mode": "catmullrom"
						},
						"0.0333": {
							"post": [0, 0, -10],
							"lerp_mode": "catmullrom"
						},
						"0.0667": {
							"post": [0, 0, 5],
							"lerp_mode": "catmullrom"
						},
						"0.1": {
							"post": [0, 0, -2.5],
							"lerp_mode": "catmullrom"
						},
						"0.1333": {
							"post": [0, 0, 1],
							"lerp_mode": "catmullrom"
						},
						"0.1667": {
							"post": [0, 0, 0],
							"lerp_mode": "catmullrom"
						}
					}
				}
			}
		},
		"reload_tactical": {
			"loop": "hold_on_last_frame",
			"animation_length": 2.5,
			"bones": {
				"lefthand": {
					"rotation": {
						"0.0": {
							"post": [82.83267, 0.11293, -15.02423],
							"lerp_mode": "catmullrom"
						},
						"0.1667": {
							"post": [147.83267, 0.11293, -15.02423],
							"lerp_mode": "catmullrom"
						},
						"2.3333": {
							"post": [147.83267, 0.11293, -15.02423],
							"lerp_mode": "catmullrom"
						},
						"2.5": {
							"post": [82.83267, 0.11293, -15.02423],
							"lerp_mode": "catmullrom"
						}
					},
					"position": {
						"0.0": {
							"post": [6.5, -12, -10],
							"lerp_mode": "catmullrom"
						},
						"0.1667": {
							"post": [20, -21, 0],
							"lerp_mode": "catmullrom"
						},
						"2.3333": {
							"post": [20, -21, 0],
							"lerp_mode": "catmullrom"
						},
						"2.5": {
							"post": [6, -12, -10],
							"lerp_mode": "catmullrom"
						}
					}
				},
				"gun_and_righthand": {
					"rotation": {
						"0.0": {
							"post": [0, 0, 0],
							"lerp_mode": "catmullrom"
						},
						"0.0833": {
							"post": [-2.4905, -0.21782, -4.99527],
							"lerp_mode": "catmullrom"
						},
						"0.25": {
							"post": [-4.88443, -0.75155, -17.48436],
							"lerp_mode": "catmullrom"
						},
						"0.375": {
							"post": [-7.38443, -0.75155, -17.48436],
							"lerp_mode": "catmullrom"
						},
						"0.5833": {
							"post": [-7, 0, -17.95],
							"lerp_mode": "catmullrom"
						},
						"0.8333": {
							"post": [-6, 0, -19],
							"lerp_mode": "catmullrom"
						},
						"1.0833": {
							"post": [-8.94271, 0.19724, -16.73403],
							"lerp_mode": "catmullrom"
						},
						"1.375": {
							"post": [-7.86225, -0.69297, -20.79934],
							"lerp_mode": "catmullrom"
						},
						"2.25": {
							"post": [-7.38443, -0.75155, -17.48436],
							"lerp_mode": "catmullrom"
						},
						"2.5": {
							"post": [0, 0, 0],
							"lerp_mode": "catmullrom"
						}
					},
					"position": {
						"0.0": {
							"post": [0, 0, 0],
							"lerp_mode": "catmullrom"
						},
						"0.125": {
							"post": [0, -1, 0],
							"lerp_mode": "catmullrom"
						},
						"0.3333": {
							"post": [0, 3, 0],
							"lerp_mode": "catmullrom"
						},
						"2.25": {
							"post": [0, 3, 0],
							"lerp_mode": "catmullrom"
						},
						"2.5": {
							"post": [0, 0, 0],
							"lerp_mode": "catmullrom"
						}
					}
				},
				"righthand": {
					"rotation": [90, 0, 0],
					"position": [-6, -11, -6]
				},
				"comments_illuminated": {
					"position": {
						"0.125": [-90, 0, 0],
						"2.5": [-40, 0, 0]
					}
				}
			}
		},
		"reload_empty": {
			"loop": "hold_on_last_frame",
			"animation_length": 2.5,
			"bones": {
				"lefthand": {
					"rotation": {
						"0.0": {
							"post": [82.83267, 0.11293, -15.02423],
							"lerp_mode": "catmullrom"
						},
						"0.1667": {
							"post": [147.83267, 0.11293, -15.02423],
							"lerp_mode": "catmullrom"
						},
						"2.3333": {
							"post": [147.83267, 0.11293, -15.02423],
							"lerp_mode": "catmullrom"
						},
						"2.5": {
							"post": [82.83267, 0.11293, -15.02423],
							"lerp_mode": "catmullrom"
						}
					},
					"position": {
						"0.0": {
							"post": [6.5, -12, -10],
							"lerp_mode": "catmullrom"
						},
						"0.1667": {
							"post": [20, -21, 0],
							"lerp_mode": "catmullrom"
						},
						"2.3333": {
							"post": [20, -21, 0],
							"lerp_mode": "catmullrom"
						},
						"2.5": {
							"post": [6, -12, -10],
							"lerp_mode": "catmullrom"
						}
					}
				},
				"gun_and_righthand": {
					"rotation": {
						"0.0": {
							"post": [0, 0, 0],
							"lerp_mode": "catmullrom"
						},
						"0.0833": {
							"post": [-2.4905, -0.21782, -4.99527],
							"lerp_mode": "catmullrom"
						},
						"0.25": {
							"post": [-4.88443, -0.75155, -17.48436],
							"lerp_mode": "catmullrom"
						},
						"0.375": {
							"post": [-7.38443, -0.75155, -17.48436],
							"lerp_mode": "catmullrom"
						},
						"0.5833": {
							"post": [-7, 0, -17.95],
							"lerp_mode": "catmullrom"
						},
						"0.8333": {
							"post": [-6, 0, -19],
							"lerp_mode": "catmullrom"
						},
						"1.0833": {
							"post": [-8.94271, 0.19724, -16.73403],
							"lerp_mode": "catmullrom"
						},
						"1.375": {
							"post": [-7.86225, -0.69297, -20.79934],
							"lerp_mode": "catmullrom"
						},
						"2.25": {
							"post": [-7.38443, -0.75155, -17.48436],
							"lerp_mode": "catmullrom"
						},
						"2.5": {
							"post": [0, 0, 0],
							"lerp_mode": "catmullrom"
						}
					},
					"position": {
						"0.0": {
							"post": [0, 0, 0],
							"lerp_mode": "catmullrom"
						},
						"0.125": {
							"post": [0, -1, 0],
							"lerp_mode": "catmullrom"
						},
						"0.3333": {
							"post": [0, 3, 0],
							"lerp_mode": "catmullrom"
						},
						"2.25": {
							"post": [0, 3, 0],
							"lerp_mode": "catmullrom"
						},
						"2.5": {
							"post": [0, 0, 0],
							"lerp_mode": "catmullrom"
						}
					}
				},
				"righthand": {
					"rotation": [90, 0, 0],
					"position": [-6, -11, -6]
				},
				"comments_illuminated": {
					"position": {
						"0.125": [-90, 0, 0],
						"2.5": [-40, 0, 0]
					}
				}
			}
		},
		"inspect": {
			"loop": "hold_on_last_frame",
			"animation_length": 2.7917,
			"bones": {
				"lefthand": {
					"rotation": {
						"0.0": {
							"post": [82.83267, 0.11293, -15.02423],
							"lerp_mode": "catmullrom"
						},
						"0.1667": {
							"post": [147.83267, 0.11293, -15.02423],
							"lerp_mode": "catmullrom"
						},
						"2.4167": {
							"post": [147.83267, 0.11293, -15.02423],
							"lerp_mode": "catmullrom"
						},
						"2.5833": {
							"post": [82.83267, 0.11293, -15.02423],
							"lerp_mode": "catmullrom"
						}
					},
					"position": {
						"0.0": {
							"post": [6.5, -12, -10],
							"lerp_mode": "catmullrom"
						},
						"0.1667": {
							"post": [20, -21, 0],
							"lerp_mode": "catmullrom"
						},
						"2.4167": {
							"post": [20, -21, 0],
							"lerp_mode": "catmullrom"
						},
						"2.5833": {
							"post": [6.5, -12, -10],
							"lerp_mode": "catmullrom"
						}
					}
				},
				"righthand": {
					"rotation": [90, 0, 0],
					"position": {
						"0.0": [-6, -11, -6],
						"1.7083": [-6, -11, -6],
						"1.7917": [-7, -11, -6],
						"2.375": [-7, -11, -6],
						"2.4583": [-6, -11, -6]
					}
				},
				"root": {
					"position": {
						"0.0": {
							"post": [0, 0, 0],
							"lerp_mode": "catmullrom"
						},
						"0.25": {
							"post": [0, 1, 0],
							"lerp_mode": "catmullrom"
						},
						"2.3333": {
							"post": [0, 1, 0],
							"lerp_mode": "catmullrom"
						},
						"2.5833": {
							"post": [0, 0, 0],
							"lerp_mode": "catmullrom"
						}
					}
				},
				"gun_and_righthand": {
					"rotation": {
						"0.0": {
							"post": [0, 0, 0],
							"lerp_mode": "catmullrom"
						},
						"0.2917": {
							"post": [-14.78217, -2.57594, -19.6658],
							"lerp_mode": "catmullrom"
						},
						"0.6667": {
							"post": [-13.86051, -2.06428, -17.73076],
							"lerp_mode": "catmullrom"
						},
						"1.0": {
							"post": [-8.84, 10.91305, 41.17221],
							"lerp_mode": "catmullrom"
						},
						"1.375": {
							"post": [-2.45596, 11.35102, 43.1611],
							"lerp_mode": "catmullrom"
						},
						"1.75": {
							"post": [-16.38106, -3.7416, -11.05743],
							"lerp_mode": "catmullrom"
						},
						"2.0": {
							"post": [-19.44142, -3.45906, -10.09627],
							"lerp_mode": "catmullrom"
						},
						"2.5833": {
							"post": [0, 0, 0],
							"lerp_mode": "catmullrom"
						}
					},
					"position": {
						"0.0": {
							"post": [0, 0, 0],
							"lerp_mode": "catmullrom"
						},
						"0.0833": {
							"post": [-1.25, -0.75, 0],
							"lerp_mode": "catmullrom"
						},
						"0.2917": {
							"post": [-0.25, 3, -2],
							"lerp_mode": "catmullrom"
						},
						"0.875": {
							"post": [-2.25, 2.5, -2],
							"lerp_mode": "catmullrom"
						},
						"1.0833": {
							"post": [-3.25, 2.5, -2],
							"lerp_mode": "catmullrom"
						},
						"2.4583": {
							"post": [-1.25, -0.75, 0],
							"lerp_mode": "catmullrom"
						},
						"2.5833": {
							"post": [0, 0, 0],
							"lerp_mode": "catmullrom"
						}
					}
				},
				"is_this_is_gun": {
					"rotation": {
						"1.7083": {
							"pre": [0, 0, 0],
							"post": [0, 0, 0],
							"lerp_mode": "catmullrom"
						},
						"2.25": {
							"post": [-302.5, 0, 0],
							"lerp_mode": "catmullrom"
						},
						"2.4167": {
							"post": [-360, 0, 0],
							"lerp_mode": "catmullrom"
						}
					}
				}
			}
		},
		"inspect_empty": {
			"loop": "hold_on_last_frame",
			"animation_length": 2.7917,
			"bones": {
				"lefthand": {
					"rotation": {
						"0.0": {
							"post": [82.83267, 0.11293, -15.02423],
							"lerp_mode": "catmullrom"
						},
						"0.1667": {
							"post": [147.83267, 0.11293, -15.02423],
							"lerp_mode": "catmullrom"
						},
						"2.4167": {
							"post": [147.83267, 0.11293, -15.02423],
							"lerp_mode": "catmullrom"
						},
						"2.5833": {
							"post": [82.83267, 0.11293, -15.02423],
							"lerp_mode": "catmullrom"
						}
					},
					"position": {
						"0.0": {
							"post": [6.5, -12, -10],
							"lerp_mode": "catmullrom"
						},
						"0.1667": {
							"post": [20, -21, 0],
							"lerp_mode": "catmullrom"
						},
						"2.4167": {
							"post": [20, -21, 0],
							"lerp_mode": "catmullrom"
						},
						"2.5833": {
							"post": [6.5, -12, -10],
							"lerp_mode": "catmullrom"
						}
					}
				},
				"righthand": {
					"rotation": [90, 0, 0],
					"position": {
						"0.0": [-6, -11, -6],
						"1.7083": [-6, -11, -6],
						"1.7917": [-7, -11, -6],
						"2.375": [-7, -11, -6],
						"2.4583": [-6, -11, -6]
					}
				},
				"root": {
					"position": {
						"0.0": {
							"post": [0, 0, 0],
							"lerp_mode": "catmullrom"
						},
						"0.25": {
							"post": [0, 1, 0],
							"lerp_mode": "catmullrom"
						},
						"2.3333": {
							"post": [0, 1, 0],
							"lerp_mode": "catmullrom"
						},
						"2.5833": {
							"post": [0, 0, 0],
							"lerp_mode": "catmullrom"
						}
					}
				},
				"gun_and_righthand": {
					"rotation": {
						"0.0": {
							"post": [0, 0, 0],
							"lerp_mode": "catmullrom"
						},
						"0.2917": {
							"post": [-14.78217, -2.57594, -19.6658],
							"lerp_mode": "catmullrom"
						},
						"0.6667": {
							"post": [-13.86051, -2.06428, -17.73076],
							"lerp_mode": "catmullrom"
						},
						"1.0": {
							"post": [-8.84, 10.91305, 41.17221],
							"lerp_mode": "catmullrom"
						},
						"1.375": {
							"post": [-2.45596, 11.35102, 43.1611],
							"lerp_mode": "catmullrom"
						},
						"1.75": {
							"post": [-16.38106, -3.7416, -11.05743],
							"lerp_mode": "catmullrom"
						},
						"2.0": {
							"post": [-19.44142, -3.45906, -10.09627],
							"lerp_mode": "catmullrom"
						},
						"2.5833": {
							"post": [0, 0, 0],
							"lerp_mode": "catmullrom"
						}
					},
					"position": {
						"0.0": {
							"post": [0, 0, 0],
							"lerp_mode": "catmullrom"
						},
						"0.0833": {
							"post": [-1.25, -0.75, 0],
							"lerp_mode": "catmullrom"
						},
						"0.2917": {
							"post": [-0.25, 3, -2],
							"lerp_mode": "catmullrom"
						},
						"0.875": {
							"post": [-2.25, 2.5, -2],
							"lerp_mode": "catmullrom"
						},
						"1.0833": {
							"post": [-3.25, 2.5, -2],
							"lerp_mode": "catmullrom"
						},
						"2.4583": {
							"post": [-1.25, -0.75, 0],
							"lerp_mode": "catmullrom"
						},
						"2.5833": {
							"post": [0, 0, 0],
							"lerp_mode": "catmullrom"
						}
					}
				},
				"is_this_is_gun": {
					"rotation": {
						"1.7083": {
							"pre": [0, 0, 0],
							"post": [0, 0, 0],
							"lerp_mode": "catmullrom"
						},
						"2.25": {
							"post": [-302.5, 0, 0],
							"lerp_mode": "catmullrom"
						},
						"2.4167": {
							"post": [-360, 0, 0],
							"lerp_mode": "catmullrom"
						}
					}
				}
			}
		}
	}
}