{
	"format_version": "1.12.0",
	"minecraft:geometry": [
		{
			"description": {
				"identifier": "geometry.hk_mp5a5 - Converted",
				"texture_width": 64,
				"texture_height": 64,
				"visible_bounds_width": 15625009,
				"visible_bounds_height": 150,
				"visible_bounds_offset": [0, 34, 0]
			},
			"bones": [
				{
					"name": "base",
					"pivot": [0, 11.4125, 0.025],
					"cubes": [
						{
							"origin": [-0.5, 6, -2],
							"size": [1, 9, 4],
							"uv": {
								"north": {"uv": [3, 26], "uv_size": [1, 9]},
								"east": {"uv": [17, 13], "uv_size": [4, 9]},
								"south": {"uv": [5, 26], "uv_size": [1, 9]},
								"west": {"uv": [2, 37], "uv_size": [4, 9]},
								"up": {"uv": [13, 26], "uv_size": [1, 4]},
								"down": {"uv": [26, 18], "uv_size": [1, -4]}
							}
						},
						{
							"origin": [-0.5, 8, -4],
							"size": [1, 6, 2],
							"uv": {
								"north": {"uv": [7, 26], "uv_size": [1, 6]},
								"east": {"uv": [24, 0], "uv_size": [2, 6]},
								"south": {"uv": [26, 7], "uv_size": [1, 6]},
								"west": {"uv": [0, 38], "uv_size": [2, 6]},
								"up": {"uv": [24, 7], "uv_size": [1, 2]},
								"down": {"uv": [15, 28], "uv_size": [1, -2]}
							}
						},
						{
							"origin": [-0.5, 14, -4],
							"size": [1, 2, 2],
							"uv": {
								"north": {"uv": [28, 12], "uv_size": [1, 2]},
								"east": {"uv": [19, 10], "uv_size": [2, 2]},
								"south": {"uv": [28, 15], "uv_size": [1, 2]},
								"west": {"uv": [26, 19], "uv_size": [2, 2]},
								"up": {"uv": [17, 28], "uv_size": [1, 2]},
								"down": {"uv": [19, 30], "uv_size": [1, -2]}
							}
						},
						{
							"origin": [-0.5, 15, -2],
							"size": [1, 1, 1],
							"uv": {
								"north": {"uv": [0, 33], "uv_size": [1, 1]},
								"east": {"uv": [33, 2], "uv_size": [1, 1]},
								"south": {"uv": [33, 4], "uv_size": [1, 1]},
								"west": {"uv": [7, 33], "uv_size": [1, 1]},
								"up": {"uv": [9, 33], "uv_size": [1, 1]},
								"down": {"uv": [11, 34], "uv_size": [1, -1]}
							}
						},
						{
							"origin": [-0.5, 15, 1],
							"size": [1, 1, 1],
							"uv": {
								"north": {"uv": [33, 15], "uv_size": [1, 1]},
								"east": {"uv": [33, 17], "uv_size": [1, 1]},
								"south": {"uv": [33, 27], "uv_size": [1, 1]},
								"west": {"uv": [29, 33], "uv_size": [1, 1]},
								"up": {"uv": [33, 29], "uv_size": [1, 1]},
								"down": {"uv": [33, 32], "uv_size": [1, -1]}
							}
						},
						{
							"origin": [-0.5, 12, -6],
							"size": [1, 1.5, 2],
							"uv": {
								"north": {"uv": [30, 13], "uv_size": [1, 1.5]},
								"east": {"uv": [27, 3], "uv_size": [2, 1.5]},
								"south": {"uv": [30, 24], "uv_size": [1, 1.5]},
								"west": {"uv": [27, 25], "uv_size": [2, 1.5]},
								"up": {"uv": [29, 28], "uv_size": [1, 2]},
								"down": {"uv": [30, 2], "uv_size": [1, -2]}
							}
						},
						{
							"origin": [-0.5, 13.5, -5.5],
							"size": [1, 0.5, 1.5],
							"uv": {
								"north": {"uv": [35, 2], "uv_size": [1, 0.5]},
								"east": {"uv": [13, 34], "uv_size": [1.5, 0.5]},
								"south": {"uv": [35, 4], "uv_size": [1, 0.5]},
								"west": {"uv": [16, 34], "uv_size": [1.5, 0.5]},
								"up": {"uv": [13, 31], "uv_size": [1, 1.5]},
								"down": {"uv": [31, 17.5], "uv_size": [1, -1.5]}
							}
						},
						{
							"origin": [-0.5, 11.5, -5.5],
							"size": [1, 0.5, 1.5],
							"uv": {
								"north": {"uv": [7, 35], "uv_size": [1, 0.5]},
								"east": {"uv": [19, 34], "uv_size": [1.5, 0.5]},
								"south": {"uv": [9, 35], "uv_size": [1, 0.5]},
								"west": {"uv": [34, 19], "uv_size": [1.5, 0.5]},
								"up": {"uv": [17, 31], "uv_size": [1, 1.5]},
								"down": {"uv": [19, 32.5], "uv_size": [1, -1.5]}
							}
						},
						{
							"origin": [-0.5, 16, -3],
							"size": [1, 1, 1],
							"uv": {
								"north": {"uv": [32, 0], "uv_size": [1, 1]},
								"east": {"uv": [32, 7], "uv_size": [1, 1]},
								"south": {"uv": [32, 9], "uv_size": [1, 1]},
								"west": {"uv": [32, 11], "uv_size": [1, 1]},
								"up": {"uv": [32, 13], "uv_size": [1, 1]},
								"down": {"uv": [15, 33], "uv_size": [1, -1]}
							}
						},
						{
							"origin": [-0.5, 16, -3.5],
							"size": [1, 0.5, 0.5],
							"uv": {
								"north": {"uv": [34, 21], "uv_size": [1, 0.5]},
								"east": {"uv": [36, 12], "uv_size": [0.5, 0.5]},
								"south": {"uv": [22, 34], "uv_size": [1, 0.5]},
								"west": {"uv": [13, 36], "uv_size": [0.5, 0.5]},
								"up": {"uv": [34, 23], "uv_size": [1, 0.5]},
								"down": {"uv": [24, 34.5], "uv_size": [1, -0.5]}
							}
						},
						{
							"origin": [-0.5, 16, -2],
							"size": [1, 0.5, 0.5],
							"uv": {
								"north": {"uv": [11, 35], "uv_size": [1, 0.5]},
								"east": {"uv": [19, 36], "uv_size": [0.5, 0.5]},
								"south": {"uv": [35, 14], "uv_size": [1, 0.5]},
								"west": {"uv": [21, 36], "uv_size": [0.5, 0.5]},
								"up": {"uv": [35, 16], "uv_size": [1, 0.5]},
								"down": {"uv": [35, 27.5], "uv_size": [1, -0.5]}
							}
						},
						{
							"origin": [-0.5, 16, 1.5],
							"size": [1, 0.5, 0.5],
							"uv": {
								"north": {"uv": [28, 35], "uv_size": [1, 0.5]},
								"east": {"uv": [36, 21], "uv_size": [0.5, 0.5]},
								"south": {"uv": [35, 29], "uv_size": [1, 0.5]},
								"west": {"uv": [23, 36], "uv_size": [0.5, 0.5]},
								"up": {"uv": [35, 31], "uv_size": [1, 0.5]},
								"down": {"uv": [33, 35.5], "uv_size": [1, -0.5]}
							}
						},
						{
							"origin": [-0.5, 16, 3],
							"size": [1, 0.5, 0.5],
							"uv": {
								"north": {"uv": [34, 25], "uv_size": [1, 0.5]},
								"east": {"uv": [15, 36], "uv_size": [0.5, 0.5]},
								"south": {"uv": [26, 34], "uv_size": [1, 0.5]},
								"west": {"uv": [17, 36], "uv_size": [0.5, 0.5]},
								"up": {"uv": [31, 34], "uv_size": [1, 0.5]},
								"down": {"uv": [0, 35.5], "uv_size": [1, -0.5]}
							}
						},
						{
							"origin": [-0.5, 16, 2],
							"size": [1, 1, 1],
							"uv": {
								"north": {"uv": [21, 32], "uv_size": [1, 1]},
								"east": {"uv": [23, 32], "uv_size": [1, 1]},
								"south": {"uv": [32, 23], "uv_size": [1, 1]},
								"west": {"uv": [25, 32], "uv_size": [1, 1]},
								"up": {"uv": [32, 25], "uv_size": [1, 1]},
								"down": {"uv": [31, 33], "uv_size": [1, -1]}
							}
						},
						{
							"origin": [-0.5, 14, 2],
							"size": [1, 2, 2],
							"uv": {
								"north": {"uv": [27, 28], "uv_size": [1, 2]},
								"east": {"uv": [26, 22], "uv_size": [2, 2]},
								"south": {"uv": [15, 29], "uv_size": [1, 2]},
								"west": {"uv": [27, 0], "uv_size": [2, 2]},
								"up": {"uv": [29, 18], "uv_size": [1, 2]},
								"down": {"uv": [29, 23], "uv_size": [1, -2]}
							}
						},
						{
							"origin": [-0.5, 7, -3.5],
							"size": [1, 1, 1.5],
							"uv": {
								"north": {"uv": [29, 31], "uv_size": [1, 1]},
								"east": {"uv": [30, 3], "uv_size": [1.5, 1]},
								"south": {"uv": [31, 30], "uv_size": [1, 1]},
								"west": {"uv": [30, 5], "uv_size": [1.5, 1]},
								"up": {"uv": [30, 7], "uv_size": [1, 1.5]},
								"down": {"uv": [30, 11.5], "uv_size": [1, -1.5]}
							}
						},
						{
							"origin": [-0.5, 6.5, -3],
							"size": [1, 0.5, 1],
							"uv": {
								"north": {"uv": [35, 33], "uv_size": [1, 0.5]},
								"east": {"uv": [35, 35], "uv_size": [1, 0.5]},
								"south": {"uv": [36, 0], "uv_size": [1, 0.5]},
								"west": {"uv": [2, 36], "uv_size": [1, 0.5]},
								"up": {"uv": [33, 33], "uv_size": [1, 1]},
								"down": {"uv": [34, 1], "uv_size": [1, -1]}
							}
						},
						{
							"origin": [-0.5, 7, 2],
							"size": [1, 1, 1.5],
							"uv": {
								"north": {"uv": [34, 10], "uv_size": [1, 1]},
								"east": {"uv": [31, 19], "uv_size": [1.5, 1]},
								"south": {"uv": [34, 12], "uv_size": [1, 1]},
								"west": {"uv": [31, 21], "uv_size": [1.5, 1]},
								"up": {"uv": [27, 31], "uv_size": [1, 1.5]},
								"down": {"uv": [31, 28.5], "uv_size": [1, -1.5]}
							}
						},
						{
							"origin": [-0.5, 6.5, 2],
							"size": [1, 0.5, 1],
							"uv": {
								"north": {"uv": [4, 36], "uv_size": [1, 0.5]},
								"east": {"uv": [36, 6], "uv_size": [1, 0.5]},
								"south": {"uv": [36, 8], "uv_size": [1, 0.5]},
								"west": {"uv": [36, 10], "uv_size": [1, 0.5]},
								"up": {"uv": [34, 6], "uv_size": [1, 1]},
								"down": {"uv": [34, 9], "uv_size": [1, -1]}
							}
						},
						{
							"origin": [-0.5, 8, 2],
							"size": [1, 6, 2],
							"uv": {
								"north": {"uv": [9, 26], "uv_size": [1, 6]},
								"east": {"uv": [24, 25], "uv_size": [2, 6]},
								"south": {"uv": [11, 26], "uv_size": [1, 6]},
								"west": {"uv": [6, 38], "uv_size": [2, 6]},
								"up": {"uv": [28, 6], "uv_size": [1, 2]},
								"down": {"uv": [28, 11], "uv_size": [1, -2]}
							}
						}
					]
				},
				{
					"name": "pos",
					"parent": "base",
					"pivot": [0, 0, 0]
				},
				{
					"name": "muzzle_flash",
					"parent": "pos",
					"pivot": [0, 12.75, -7]
				},
				{
					"name": "positioning",
					"pivot": [0, 0, -8]
				},
				{
					"name": "thirdperson_hand",
					"parent": "positioning",
					"pivot": [0, 7.925, 0.65]
				},
				{
					"name": "ground",
					"parent": "positioning",
					"pivot": [0, 5, 0]
				},
				{
					"name": "fixed",
					"parent": "positioning",
					"pivot": [1.05, 10.675, 3.45],
					"rotation": [0, 90, 0]
				}
			]
		}
	]
}